,MOR,HUM,PK,FIN,USO
Simple repeat,14.435847,30.189,28.753764,28.801066,29.910043
LTR/Gypsy,7.567073,19.239711,15.443133,14.848791,13.962678
LTR/Copia,9.799216,8.530281,14.096533,15.141576,12.530374
DNA elements,6.168307,1.389731,2.239528,2.083278,2.163492
rRNA,0.887206,0.102761,2.24474,2.565859,1.731569
Other elements,10.61066,1.766376,3.961831,3.102707,7.065337